{"cameraMode":{"drawMode":0,"name":"Shaded","section":"Shading Mode"},"sceneLighting":true,"audioPlay":false,"sceneViewState":{"m_AlwaysRefresh":false,"showFog":true,"showSkybox":false,"showFlares":true,"showImageEffects":true,"showParticleSystems":true,"showVisualEffectGraphs":true,"m_FxEnabled":true},"in2DMode":false,"pivot":{"x":-0.5742385387420654,"y":1.6699259281158448,"z":-1.9586057662963868},"rotation":{"x":0.23564957082271577,"y":0.08503833413124085,"z":-0.020696740597486497,"w":0.9679368734359741},"size":4.309767246246338,"orthographic":false}